commons-lang,89eea1e72b6c9f9faa986fbe548a4fb1914cca9d,1434051580,1085
commons-lang,56907c9a96a50af44415111fcea3e76ce4d1890f,1447701412,1182
commons-lang,481137553f878e2f69ce05129d4aecbf016a1756,1446812492,"1169 704 704"
commons-lang,a6addf94e5774f4e8fd71edbec68ff339c26e19f,1445918829,1139
commons-lang,849578d3a8ef50eea1c5bfcd63f78779d30c1550,1445622812,1171
commons-lang,1dbdbfc3fadaee15424671e03bacb0fea134dc7e,1445283498,1175
commons-lang,6849dfc8a660bf8c95354520a2fa1283c9b3aa43,1439242941,1162
commons-lang,4a882e76d9c9940ac561e8f17ede77c85e3dbeda,1430517325,1128
commons-lang,102b75cd923c30fb81047211ea1eb0b12cfe1a43,1430250953,1119
commons-lang,0799f01df18c8f2d5695390cfc6db807fe019b18,1430249734,1118
commons-lang,73a8fba6fb23af45ee77f52f33bb8d791a9caa05,1429127990,1058
commons-lang,09c42e7d12b2936ac0dc5c67200c28b6412bd395,1428062947,821
commons-lang,9c7b0fb8e681b901e5fc40c699e4730855f2c14d,1428062519,794
commons-lang,a211ef288c45fdeee5f05fa4708a3d9e23d1cdd4,1427365459,1093
commons-lang,c8e96c0c733ea06ac7481c85f04a8e10ae262ec1,1427365284,1091
commons-lang,bf6ee5c56eb32bb572c240d765d542c048ec9565,1426337162,948
commons-lang,3328387a53e6abc26e171b97d8d3dc1c2b5d4971,1426335906,990
commons-lang,adebbdc750821a377549ff0bb867e09eeedf6172,1426335167,1098
commons-lang,d6f59c373f91c01d54482bb30a63a8d588b9eaa2,1426334876,1097
commons-lang,08a854a4f93befababeb479ba2722cd0477a59f8,1426334554,1096
commons-lang,bf3e77d897fb63d9142d0b3316fc2c6770d64f5b,1426334143,1095
commons-lang,1f75a8f7cc28fef663eaca75e831c9da11ea2b0e,1426270739,877
commons-lang,d38919fcbda835f0ad82d65f25349bd7105b67cc,1426231761,1093
commons-lang,bdb5d9723056941a0a29aabc2eaf81b2c96956b5,1424722549,1086
commons-lang,ffc38b1f3b35ddfadb942240b9d2f933ec83d1be,1422001543,1081
commons-lang,63f1d6b83bc10a2880f5ec17a172fab284d2eff5,1422000624,1055
commons-lang,38ed1a07259862eceaad05c6581b7f34e85f6be7,1421999774,1082
commons-lang,6eac3468d4569e64f18757225aa8f7fd6f2a5241,1421775011,1083
commons-lang,c4ddbe6456c9631c301171098a8ac016eb4e582c,1420138901,1015
commons-lang,2afdf4d05e38f63b56b0414cf524916681ab58aa,1415969355,1064
commons-lang,635e41ea181c5fee8860a7044c84ae3557b51189,1415537232,1052
commons-lang,4477ae695211449db1df589e9fdc6de84bf4c640,1412244732,1041
commons-lang,d910918faf359f8144d4195ead470fd0921554dc,1399312128,1007
commons-lang,fbb0f7f88c84001e0a92dae6a71b7e43bda65a56,1397222910,995
commons-lang,b5a9cd944c8b6febf55e1191310d02581ac859a8,1390239189,951
commons-lang,0942ef04f1fa911d382b79a92dca1dd4b3eb88e6,1390238399,951
commons-lang,d971fa4cf7f3c7e7cd4bdbaa3662c1014731d95f,1388923709,942
